x,y,vx,vy
1.39836,2.06405,0.199855,-0.949374
1.67229,2.56067,0.981849,-0.856975
1.7462,1.10016,-0.309463,-0.715451
1.21629,1.36465,-0.910844,-0.62832
1.34614,1.51832,-0.998284,-0.885366
1.41724,1.29567,-0.800861,-0.966308
1.65321,1.92544,-0.232088,-0.886301
1.34434,2.17604,0.525256,-0.882746
1.73387,1.01488,-0.046728,-0.741923
1.50481,1.05619,-0.175595,-0.99978
1.84941,1.69758,-0.813421,-0.455588
1.22701,1.20925,-0.610988,-0.6542
1.50143,2.80528,0.574229,-0.999935
1.6371,1.99684,-0.0099179,-0.908583
1.12338,1.0677,-0.211072,-0.377939
1.70263,2.56672,0.97802,-0.80404
1.34212,1.90097,-0.3061,-0.879408
1.30991,2.36544,0.911909,-0.826834
1.95784,1.44203,-0.983361,-0.132045
1.76719,2.80306,0.579932,-0.667857
1.16713,1.03353,-0.105124,-0.501215
1.74957,1.01527,-0.0479441,-0.707992
1.61673,1.00391,-0.0122684,-0.933409
1.56923,1.37028,-0.918019,-0.976335
1.15328,2.44268,0.983776,-0.463086
1.86521,2.8235,0.526439,-0.410874
1.15093,2.4415,0.983078,-0.456556
1.5657,2.06243,0.194866,-0.978707
1.71625,2.90422,0.29636,-0.777883
1.38087,1.03863,-0.121052,-0.930679
1.25103,2.86,0.425738,-0.709363
1.24115,2.1274,0.389613,-0.687102
1.90472,2.3466,0.886012,-0.294845
1.70459,1.85674,-0.434988,-0.800403
1.68893,1.40329,-0.954098,-0.828909
1.87364,1.45209,-0.98859,-0.386573
1.48932,2.59942,0.951561,-0.999329
1.10991,1.38816,-0.938797,-0.338471
1.06572,1.64483,-0.898179,-0.204986
1.02204,1.0474,-0.148368,-0.0691868
1.17276,2.60199,0.949021,-0.516451
1.99414,1.69366,-0.82047,-0.01842
1.19879,2.43548,0.979488,-0.584656
1.98039,2.15766,0.47525,-0.0615618
1.93624,1.17896,-0.53302,-0.198956
1.44932,2.8374,0.488848,-0.987256
1.03314,1.60127,-0.949715,-0.103928
1.51385,2.38167,0.931623,-0.998942
1.41113,1.22262,-0.643668,-0.96117
1.56931,1.16073,-0.483699,-0.976283
1.95784,1.56541,-0.978904,-0.132047
1.45901,1.29619,-0.801842,-0.991608
1.59426,1.90022,-0.30833,-0.956389
1.75074,1.37653,-0.925672,-0.705385
1.60991,2.67542,0.851866,-0.940896
1.02799,1.08527,-0.26467,-0.0878166
1.6604,2.46799,0.99487,-0.875625
1.19628,2.91168,0.273885,-0.578266
1.46221,1.51438,-0.99887,-0.992908
1.90728,2.49755,0.999916,-0.287143
1.46947,1.35664,-0.900182,-0.995332
1.7907,1.47717,-0.997352,-0.61113
1.03975,2.33733,0.872137,-0.124552
1.62238,1.14235,-0.432425,-0.926902
1.39484,2.06383,0.199152,-0.945821
1.12473,1.0232,-0.0728127,-0.381867
1.9164,2.7842,0.62714,-0.259597
1.94807,2.50929,0.999463,-0.162412
1.77989,2.14653,0.444207,-0.637628
1.11244,2.99707,0.00921329,-0.34589
1.52201,1.89824,-0.314239,-0.997499
1.52081,1.09488,-0.293647,-0.997756
1.27883,2.61165,0.939005,-0.768086
1.67428,2.09855,0.304677,-0.853776
1.64012,2.35407,0.896644,-0.90457
1.57396,2.8485,0.458125,-0.973046
1.91192,2.61462,0.935795,-0.273177
1.65767,2.89553,0.322296,-0.879742
1.09844,2.4131,0.962892,-0.304313
1.18537,1.93958,-0.188666,-0.549936
1.43266,2.51185,0.999216,-0.977633
1.33275,2.02122,0.0666008,-0.865019
1.42228,2.95597,0.137873,-0.970266
1.59244,2.54414,0.990335,-0.958022
1.17242,2.9441,0.17471,-0.515558
1.30119,2.41088,0.960994,-0.811126
1.54043,1.42131,-0.969504,-0.991882
1.53034,2.42913,0.975231,-0.995353
1.62821,2.68938,0.82808,-0.919921
1.48651,2.48101,0.998143,-0.999057
1.05353,2.28874,0.787649,-0.167375
1.33083,1.25215,-0.711815,-0.862002
1.67697,1.09789,-0.302679,-0.849308
1.29131,1.9235,-0.238011,-0.792615
1.26081,2.81527,0.548255,-0.730631
1.43795,2.4541,0.989512,-0.980986
1.70949,1.68821,-0.830151,-0.791042
1.70063,1.66984,-0.860902,-0.807772
1.72546,1.67911,-0.845729,-0.759388
1.4752,1.08268,-0.256802,-0.996857
1.95166,2.65418,0.884912,-0.151264
1.60066,2.13997,0.425647,-0.950305
1.91693,2.58023,0.968294,-0.258004
1.25352,2.53762,0.992973,-0.714816
1.28228,1.60837,-0.942497,-0.775031
1.56648,1.45601,-0.990394,-0.978184
1.94906,1.0769,-0.239241,-0.15934
1.25184,2.00283,0.00888517,-0.711132
1.62625,2.59222,0.958287,-0.922306
1.5214,1.00895,-0.0281216,-0.997629
1.25718,2.49375,0.999696,-0.722814
1.11224,1.17641,-0.52621,-0.345304
1.61813,1.98621,-0.0433076,-0.931843
1.58791,1.45117,-0.988148,-0.962059
1.93186,2.37729,0.926512,-0.212428
1.5143,2.36808,0.915243,-0.998881
1.8573,2.18721,0.554756,-0.43339
1.30483,2.33447,0.867738,-0.817782
1.27278,1.9609,-0.122507,-0.755801
1.41697,2.26184,0.732873,-0.9661
1.37663,1.8672,-0.405156,-0.925783
1.79894,1.64374,-0.899717,-0.590433
1.11689,1.001,-0.00313061,-0.358999
1.54674,2.74831,0.710807,-0.989139
1.65384,2.6229,0.926333,-0.885376
1.97934,1.8745,-0.384082,-0.0648642
1.7229,2.66031,0.875745,-0.764609
1.33576,1.97876,-0.0666765,-0.869738
1.02599,1.01297,-0.0407423,-0.081543
1.4286,1.86188,-0.420409,-0.974842
1.52157,1.24192,-0.688874,-0.997593
1.76842,2.43493,0.979127,-0.665004
1.94815,2.74694,0.713811,-0.162151
1.14876,1.53355,-0.994406,-0.450496
1.50813,2.94362,0.176184,-0.999587
1.69495,2.06057,0.189124,-0.818155
1.55995,1.06078,-0.189785,-0.982209
1.71112,1.10835,-0.333816,-0.787917
1.80138,1.43873,-0.981482,-0.584225
1.81414,2.70344,0.802545,-0.551239
1.82026,1.42915,-0.975237,-0.535083
1.68836,1.56247,-0.980707,-0.829888
1.54918,2.42078,0.969117,-0.988048
1.16346,2.07369,0.229412,-0.491206
1.4513,1.29299,-0.79579,-0.988207
1.54938,1.31843,-0.841586,-0.987944
1.49621,1.38286,-0.932974,-0.999834
1.51493,1.27882,-0.768061,-0.998795
1.41246,2.86734,0.404768,-0.962317
1.2595,2.61953,0.93021,-0.727848
1.82267,1.48496,-0.998805,-0.5287
1.34994,2.21373,0.62206,-0.89083
1.93717,2.07783,0.242058,-0.196099
1.30861,2.74678,0.71415,-0.824524
1.11324,2.53888,0.992463,-0.348259
1.16932,1.6622,-0.872859,-0.507142
1.74987,1.54844,-0.988387,-0.707318
1.43749,2.8344,0.497057,-0.980692
1.18758,1.66112,-0.874523,-0.555734
1.90217,1.8121,-0.556565,-0.302517
1.20443,2.5895,0.960627,-0.598957
1.79432,1.761,-0.682224,-0.602071
1.98527,2.86865,0.401003,-0.0462606
1.01244,1.07622,-0.237132,-0.0390608
1.87264,1.06088,-0.190077,-0.389484
1.79723,2.4775,0.997395,-0.59474
1.88313,2.10931,0.336658,-0.358935
1.71112,1.30125,-0.811227,-0.787913
1.75444,1.42762,-0.974151,-0.697114
1.31112,1.72198,-0.766494,-0.828959
1.87084,1.50408,-0.999822,-0.394694
1.1533,1.72933,-0.751478,-0.463163
1.78485,2.3959,0.946957,-0.625586
1.36296,1.37765,-0.926969,-0.908664
1.88793,1.31669,-0.838629,-0.344809
1.6385,2.70614,0.797443,-0.906723
1.30185,2.39696,0.947996,-0.812332
1.63911,2.74271,0.723064,-0.905911
1.31455,1.12692,-0.388207,-0.834983
1.39677,1.17866,-0.532223,-0.94777
1.01409,1.63202,-0.915117,-0.0442404
1.27845,2.59758,0.953278,-0.767312
1.53115,1.74469,-0.718758,-0.995119
1.34929,1.69943,-0.810009,-0.889889
1.67063,2.78663,0.621184,-0.859635
1.06309,2.87435,0.384549,-0.196884
1.59027,2.46496,0.993862,-0.959968
1.18093,2.05638,0.176175,-0.53825
1.23737,2.22438,0.647928,-0.678428
1.80678,2.77185,0.656894,-0.570385
1.42273,2.98519,0.04651,-0.970615
1.77103,1.95855,-0.129854,-0.658824
1.20179,1.30666,-0.821082,-0.592259
1.80971,1.04501,-0.14092,-0.562792
1.33847,2.16649,0.499459,-0.873917
1.96748,2.22792,0.656329,-0.101992
1.64105,1.92504,-0.233306,-0.903329
1.14969,2.01071,0.0336512,-0.453096
1.30293,1.8386,-0.485582,-0.814307
1.40187,2.73818,0.732786,-0.952764
1.68477,2.57175,0.974593,-0.836118
1.15277,2.29961,0.808218,-0.461676
1.59912,2.34543,0.884304,-0.951807
1.79803,2.84132,0.478079,-0.592724
1.86511,1.96093,-0.122431,-0.411171
1.06443,2.53659,0.993341,-0.201007
1.93475,2.35609,0.89947,-0.203529
1.3012,2.07362,0.229206,-0.811131
1.31514,1.75295,-0.700497,-0.835974
1.36546,2.01834,0.0575845,-0.911893
1.36739,1.2875,-0.785243,-0.914399
1.16141,2.05431,0.169773,-0.48558
1.38314,1.30845,-0.824251,-0.933296
1.40622,1.85384,-0.443172,-0.95683
1.82251,2.58087,0.967792,-0.529104
1.73324,2.72923,0.751621,-0.743255
1.81682,2.76856,0.664626,-0.544196
1.12621,2.32437,0.851548,-0.386166
1.65817,1.48514,-0.998837,-0.879011
1.39959,2.97588,0.0756924,-0.950611
1.56028,1.3616,-0.906898,-0.982014
1.3117,2.88194,0.362444,-0.829999
1.55293,1.28182,-0.774106,-0.986097
1.12982,2.80337,0.579153,-0.396593
1.59963,1.55882,-0.982883,-0.951306
1.37096,2.94461,0.173129,-0.918856
1.52612,2.24143,0.687759,-0.996577
1.15049,2.50207,0.999867,-0.455318
1.80089,2.16901,0.506339,-0.585484
1.00736,2.08635,0.26792,-0.0231067
1.86693,2.94475,0.172681,-0.405934
1.67839,1.65422,-0.884806,-0.846928
1.39558,1.54178,-0.991341,-0.946571
1.81194,1.77492,-0.649591,-0.556973
1.81956,2.12456,0.381358,-0.536941
1.00011,2.72853,0.753066,-0.00034099
1.66967,2.16088,0.484169,-0.861174
1.33722,1.98294,-0.0535608,-0.872032
1.55898,2.55539,0.984799,-0.98279
1.48396,1.23376,-0.670077,-0.998631
1.85511,2.83869,0.485316,-0.439609
1.48455,2.42112,0.969373,-0.998735
1.42665,1.51826,-0.998298,-0.973462
1.41518,2.81071,0.5602,-0.964653
1.49616,1.15393,-0.464912,-0.999833
1.30076,2.9118,0.273534,-0.810328
1.28101,1.69504,-0.817997,-0.772473
1.32004,1.66558,-0.867658,-0.844327
1.51117,2.39424,0.945222,-0.999305
1.70348,2.48107,0.998155,-0.802466
1.34614,2.94051,0.185787,-0.885371
1.91599,1.70625,-0.797287,-0.260858
1.74102,1.46928,-0.995268,-0.726686
1.06898,1.6892,-0.828435,-0.214993
1.70762,1.61967,-0.930124,-0.794646
1.91734,2.98561,0.0451954,-0.256757
1.90902,1.18042,-0.53692,-0.28193
1.78121,2.53677,0.993282,-0.634415
1.56399,2.38255,0.932602,-0.979803
1.18751,1.81449,-0.550319,-0.555572
1.6222,2.41441,0.963965,-0.927114
1.84393,2.21257,0.619191,-0.470859
1.89954,2.0374,0.117199,-0.310349
1.59761,1.43838,-0.981259,-0.953274
1.29579,2.20679,0.604854,-0.801091
1.07674,2.68787,0.830759,-0.238733
1.22702,2.27804,0.766526,-0.654231
1.44926,1.75894,-0.686904,-0.987224
1.72268,1.6444,-0.898779,-0.765062
1.39099,2.2774,0.765231,-0.941858
1.36683,2.94269,0.17905,-0.913673
1.90235,1.99676,-0.0101906,-0.301959
1.4502,1.52219,-0.99746,-0.987677
1.04386,2.70505,0.799511,-0.137352
1.28786,2.30245,0.813481,-0.785947
1.371,2.53723,0.993131,-0.9189
1.91188,1.4258,-0.972858,-0.273279
1.30913,2.41467,0.964181,-0.825455
1.95092,2.92426,0.235677,-0.153556
1.00976,2.15554,0.469382,-0.0306551
1.0081,2.61075,0.939975,-0.0254506
1.92922,1.39857,-0.949585,-0.220503
1.38845,1.75311,-0.700134,-0.93911
1.34442,1.96541,-0.108442,-0.882865
1.76797,2.97946,0.064476,-0.666054
1.35556,2.35705,0.900808,-0.898707
1.47041,1.40574,-0.95638,-0.995639
1.05479,2.16549,0.496731,-0.171282
1.86954,1.8901,-0.338401,-0.398443
1.57132,1.12452,-0.381262,-0.974931
1.1281,2.77766,0.642995,-0.391618
1.52306,1.4173,-0.966356,-0.997276
1.61116,2.36079,0.905777,-0.939584
1.35446,1.96286,-0.116411,-0.897208
1.18408,1.56951,-0.976146,-0.54654
1.17567,2.11728,0.360117,-0.524229
1.76417,1.84141,-0.477821,-0.674868
1.11142,1.54971,-0.987773,-0.342903
1.67832,2.96808,0.100115,-0.847053
1.76475,2.54795,0.98857,-0.673521
1.51303,2.1687,0.505495,-0.999053
1.83538,1.6303,-0.917278,-0.494367
1.30118,2.20237,0.593741,-0.811099
1.1829,2.822,0.530459,-0.543445
1.42267,1.80594,-0.572525,-0.970568
1.55535,2.07397,0.230289,-0.984836
1.78372,2.8079,0.567456,-0.628328
1.45279,2.22613,0.652082,-0.988928
1.22734,1.36121,-0.906389,-0.654995
1.21266,2.37004,0.91771,-0.619448
1.03644,2.37003,0.917698,-0.114212
1.08283,2.98246,0.0550692,-0.25727
1.93067,1.85163,-0.449382,-0.216055
1.87947,1.66328,-0.871197,-0.369648
1.59335,2.36831,0.915531,-0.957205
1.43519,1.58748,-0.962409,-0.979236
1.33063,2.68945,0.827964,-0.861686
1.03481,1.7324,-0.745019,-0.109142
1.81639,2.73055,0.748893,-0.545331
1.50168,1.57936,-0.969014,-0.99994
1.9769,2.54747,0.988803,-0.0725099
1.24007,1.79257,-0.606466,-0.684644
1.21418,1.33222,-0.864187,-0.623155
1.13037,1.35882,-0.903153,-0.398176
1.98751,2.22239,0.643136,-0.0392241
1.73042,1.64878,-0.892657,-0.749185
1.01579,2.85006,0.453782,-0.0495689
1.44368,1.37987,-0.929524,-0.98428
1.78176,2.14689,0.445237,-0.633089
1.46197,1.81981,-0.536269,-0.99281
1.29275,2.44088,0.982706,-0.795342
1.73825,1.78866,-0.616157,-0.732662
1.23514,1.75923,-0.686255,-0.673313
1.9523,2.36739,0.914367,-0.149265
1.97888,1.15473,-0.467134,-0.0662973
1.36667,1.23684,-0.677229,-0.913469
1.5956,1.79775,-0.593441,-0.955182
1.02489,2.0001,0.000306227,-0.0781098
1.33609,1.3484,-0.888621,-0.870264
1.20881,1.63025,-0.917347,-0.609887
1.73868,2.98045,0.0613795,-0.731744
1.54351,2.02478,0.0777653,-0.990574
1.64029,1.00296,-0.00930095,-0.904339
1.75497,1.13158,-0.401666,-0.695911
1.52336,2.78153,0.633673,-0.997213
1.2256,2.8675,0.404315,-0.650829
1.32451,2.40157,0.952474,-0.851739
1.98323,2.27707,0.764556,-0.052655
1.19186,2.9767,0.0731187,-0.566837
1.28146,2.7496,0.707957,-0.773376
1.13257,1.29005,-0.790221,-0.404522
1.55574,2.44616,0.985625,-0.984634
1.22132,2.20328,0.596021,-0.640548
1.38417,2.70146,0.806265,-0.934482
1.54242,2.47299,0.99632,-0.991056
1.2433,2.12316,0.37729,-0.692034
1.55909,1.58553,-0.964015,-0.982721
1.97994,1.67907,-0.845791,-0.0629744
1.59629,2.17954,0.534554,-0.954556
1.48252,2.94912,0.159152,-0.998381
1.27893,1.17561,-0.524084,-0.768273
1.43437,1.71019,-0.789703,-0.978716
1.23732,2.0084,0.0263716,-0.678331
1.23875,2.74064,0.72756,-0.681593
1.03842,1.15232,-0.460423,-0.120411
1.65202,1.75178,-0.70308,-0.888048
1.0114,1.22796,-0.656456,-0.0358163
1.57377,2.99578,0.0132465,-0.973192
1.8847,1.62681,-0.921635,-0.354317
1.74181,2.88709,0.347291,-0.724974
1.48679,2.58691,0.96286,-0.999084
1.6023,2.06098,0.190386,-0.948722
1.22184,1.52975,-0.995524,-0.6418
1.34472,2.63318,0.913664,-0.883311
1.82212,2.31203,0.830572,-0.530156
1.59316,1.61005,-0.940746,-0.957376
1.64376,2.97449,0.0800482,-0.899679
1.05795,2.55802,0.983333,-0.181039
1.72154,1.9303,-0.217192,-0.767393
1.29567,1.46452,-0.993704,-0.800866
1.78349,1.90946,-0.280617,-0.628896
1.18307,1.92375,-0.237236,-0.543888
1.54741,1.50823,-0.999581,-0.988843
1.31174,1.71851,-0.773405,-0.830069
1.07974,2.39055,0.941373,-0.247882
1.49377,2.47142,0.995863,-0.999759
1.19683,2.73379,0.742144,-0.579669
1.03084,1.69984,-0.809244,-0.0967224
1.4859,1.30162,-0.811903,-0.998969
1.32261,2.16569,0.497288,-0.848637
1.69644,2.48585,0.998902,-0.815468
1.46524,2.37343,0.921916,-0.993941
1.85953,2.01292,0.0405892,-0.427058
1.13692,2.33393,0.866906,-0.416944
1.90406,1.26446,-0.738423,-0.296824
1.4524,2.622,0.927362,-0.988739
1.55411,2.45905,0.991693,-0.98548
1.0292,2.01499,0.0470676,-0.0916106
1.90835,2.64148,0.902746,-0.283931
1.8755,2.3834,0.933559,-0.381203
1.35972,2.87916,0.370539,-0.904393
1.82277,1.60174,-0.949259,-0.528422
1.07453,2.01197,0.0375875,-0.231985
1.81265,2.30526,0.818532,-0.555111
1.07319,2.91659,0.259024,-0.227876
1.60064,1.1252,-0.383237,-0.950333
1.16971,1.50995,-0.999469,-0.508203
1.78314,1.6124,-0.938245,-0.629739
1.65756,1.89331,-0.328918,-0.879905
1.30804,1.44964,-0.98741,-0.823522
1.4138,2.29915,0.807367,-0.963467
1.92312,1.18048,-0.53709,-0.239152
1.454,1.77444,-0.650724,-0.989509
1.78064,2.63364,0.913067,-0.635805
1.40131,1.17133,-0.512583,-0.952249
1.22189,1.92557,-0.231697,-0.641914
1.73206,1.29723,-0.803819,-0.745734
1.17815,1.8258,-0.520315,-0.530852
1.66118,1.87852,-0.372416,-0.874423
1.91955,1.79607,-0.597671,-0.250033
1.35453,1.4278,-0.974275,-0.897299
1.79211,1.90361,-0.298198,-0.607637
1.00551,1.00089,-0.00278117,-0.0173009
1.52899,2.77587,0.647285,-0.995744
1.43792,1.33643,-0.870788,-0.980967
1.28765,2.40382,0.954655,-0.785519
1.50427,2.86941,0.39882,-0.999811
1.54679,2.82317,0.527328,-0.98912
1.44998,2.639,0.906116,-0.987572
1.24725,1.79626,-0.597181,-0.700901
1.14938,1.6841,-0.837281,-0.45223
1.22718,1.53744,-0.992979,-0.654619
1.06592,2.5364,0.993403,-0.205598
1.20036,2.35624,0.89968,-0.588639
1.9379,2.95308,0.146864,-0.193842
1.32313,1.03391,-0.106325,-0.849482
1.748,1.02262,-0.0709872,-0.711454
1.4553,1.92933,-0.220186,-0.990107
1.61932,1.40359,-0.954378,-0.930516
1.6686,1.55763,-0.983592,-0.862887
1.79106,2.49143,0.999561,-0.610234
1.46479,2.98389,0.0505954,-0.993794
1.97953,2.041,0.12845,-0.0642441
1.78104,1.20794,-0.607704,-0.63483
1.10636,1.53717,-0.993079,-0.327932
1.20091,2.69961,0.809661,-0.59002
1.14115,1.94186,-0.181638,-0.429032
1.46491,2.19543,0.576035,-0.993835
1.7522,1.56473,-0.979361,-0.702163
1.88524,1.34314,-0.880932,-0.352742
1.81032,1.61631,-0.93388,-0.561199
1.34577,1.06556,-0.204501,-0.884835
1.13989,1.50345,-0.999859,-0.425448
1.53641,2.55122,0.986996,-0.993359
1.52421,1.5174,-0.998462,-0.997031
1.84692,2.54781,0.988638,-0.462565
1.26326,1.9434,-0.176865,-0.735861
1.38161,2.76302,0.677546,-0.931534
1.42553,1.70161,-0.805953,-0.972666
1.2013,2.16223,0.487835,-0.591024
1.64219,1.30781,-0.823123,-0.901816
1.37647,2.36135,0.906531,-0.925601
1.31328,2.74482,0.718439,-0.832781
1.23983,2.85766,0.432398,-0.684094
1.19596,1.07885,-0.245186,-0.57746
1.52841,2.81536,0.548014,-0.995913
1.76904,1.72379,-0.762805,-0.663531
1.56425,1.81848,-0.539799,-0.979649
1.65979,1.30268,-0.813855,-0.876571
1.91953,2.83999,0.481724,-0.250101
1.70701,2.81526,0.548292,-0.795818
1.85473,2.57108,0.975071,-0.440692
1.54854,1.67462,-0.853227,-0.988342
1.29669,2.50796,0.999592,-0.80279
1.70433,2.65278,0.886916,-0.800887
1.47338,1.97323,-0.0839889,-0.9964
1.58426,2.40554,0.956209,-0.965062
1.47714,1.79277,-0.605976,-0.997344
1.00525,1.82956,-0.510176,-0.0164848
1.44777,1.47147,-0.99592,-0.98651
1.77782,1.21487,-0.624854,-0.642632
1.74954,2.37135,0.919367,-0.70804
1.8754,2.51232,0.99917,-0.381491
1.71614,2.22467,0.648613,-0.778109
1.65413,2.35795,0.901995,-0.884942
1.74704,1.63448,-0.912019,-0.713581
1.29455,1.76371,-0.675926,-0.798749
1.33539,1.80126,-0.584541,-0.869153
1.50198,1.69513,-0.817819,-0.999944
1.3524,2.78368,0.6284,-0.894352
1.10123,1.11229,-0.345473,-0.312686
1.63131,2.85848,0.430069,-0.916005
1.06949,2.76094,0.682316,-0.216559
1.7406,2.48838,0.999244,-0.727589
1.67736,2.65131,0.889026,-0.848658
1.79142,1.01593,-0.0500197,-0.609341
1.70991,1.56715,-0.977734,-0.790234
1.20937,1.67887,-0.846131,-0.611286
1.48035,2.14678,0.444923,-0.998003
1.54221,1.23212,-0.666221,-0.991152
1.52538,1.81789,-0.541358,-0.996784
1.4571,2.5187,0.998168,-0.990837
1.11802,1.04117,-0.128971,-0.362316
1.30644,2.90324,0.299284,-0.820697
1.9723,1.06293,-0.196413,-0.0869056
1.66646,1.16255,-0.488724,-0.866318
1.30844,2.00518,0.016269,-0.824224
1.25287,2.5085,0.99954,-0.713396
1.6693,2.36279,0.908444,-0.861774
1.40973,2.34007,0.876347,-0.959971
1.83336,2.18855,0.558253,-0.499875
1.90115,2.27177,0.753714,-0.30556
1.09123,2.88381,0.356934,-0.28267
1.54034,1.96091,-0.122497,-0.991918
1.34135,1.51189,-0.999207,-0.878246
1.51058,1.92253,-0.240961,-0.999385
1.91326,2.881,0.365181,-0.269119
1.65587,2.92577,0.231071,-0.882395
1.10984,1.75226,-0.702028,-0.338254
1.26489,2.16264,0.488961,-0.739335
1.97722,1.33623,-0.870484,-0.0715098
1.30418,1.07589,-0.236137,-0.816594
1.79743,2.11503,0.353526,-0.594237
1.86007,2.09396,0.290869,-0.425535
1.65001,2.23533,0.673702,-0.890936
1.58175,2.85146,0.449875,-0.967126
1.52452,1.59712,-0.953743,-0.996966
1.64731,1.63792,-0.907495,-0.89471
1.18108,1.59933,-0.951598,-0.538667
1.29009,1.00771,-0.0242262,-0.790294
1.68427,1.71571,-0.778953,-0.836995
1.4798,2.25382,0.715496,-0.997907
1.09802,2.1273,0.389298,-0.303051
1.98791,1.22002,-0.637443,-0.0379727
1.00427,1.01715,-0.0538425,-0.0134023
1.37198,1.4463,-0.985743,-0.920102
1.50744,2.08806,0.273107,-0.999627
1.28322,1.58848,-0.961575,-0.776878
1.22328,1.0727,-0.226391,-0.645247
1.34666,2.34213,0.879444,-0.886116
1.96309,2.935,0.20278,-0.115677
1.14943,1.43376,-0.978328,-0.45237
1.23886,2.45655,0.9906,-0.681858
1.40991,1.34505,-0.883809,-0.96012
1.29141,2.34214,0.879467,-0.792807
1.47816,1.8867,-0.348454,-0.9976
1.68529,2.3589,0.903265,-0.835217
1.54332,1.85389,-0.443037,-0.990659
1.9913,2.01197,0.0375876,-0.02731
1.06005,1.71691,-0.776573,-0.18753
1.90149,1.349,-0.889474,-0.30455
1.91098,2.43176,0.977003,-0.275998
1.62046,1.76475,-0.673518,-0.929189
1.94306,2.31067,0.828203,-0.177922
1.33923,2.22528,0.650048,-0.875056
1.49754,1.57434,-0.972764,-0.99986
1.03042,1.44067,-0.982602,-0.0954149
1.36893,1.66755,-0.864584,-0.91637
1.08282,1.20243,-0.593896,-0.257241
1.99365,1.06684,-0.208433,-0.0199328
1.11977,2.39548,0.946517,-0.367404
1.79167,1.64853,-0.892999,-0.608722
1.70815,1.91728,-0.256945,-0.79362
1.76703,1.09521,-0.294641,-0.66822
1.84221,2.24694,0.700252,-0.475596
1.17894,1.25578,-0.719746,-0.532975
1.09164,1.32356,-0.850194,-0.283896
1.07524,2.5804,0.968158,-0.234151
1.73588,1.19944,-0.586294,-0.737716
1.64358,2.50973,0.999421,-0.89993
1.15001,2.07428,0.231237,-0.45398
1.56874,2.24373,0.692967,-0.976661
1.31024,1.25899,-0.726772,-0.827409
1.15535,1.83011,-0.508716,-0.468876
1.38676,2.16735,0.501813,-0.937288
1.02796,1.39503,-0.946012,-0.0877083
1.88657,1.88585,-0.35095,-0.348829
1.3973,1.76532,-0.672199,-0.9483
1.58576,2.23372,0.669957,-0.963825
1.90576,1.26388,-0.737181,-0.291714
1.04306,1.07348,-0.22877,-0.134839
1.16574,2.911,0.275932,-0.497445
1.06109,1.31696,-0.839077,-0.190733
1.90898,2.47413,0.996649,-0.282056
1.04538,1.67977,-0.844623,-0.142068
1.44382,1.24061,-0.685875,-0.984359
1.75157,1.99093,-0.0284882,-0.703555
1.7064,2.03864,0.121072,-0.796998
1.39939,1.32847,-0.858231,-0.950408
1.92798,2.44308,0.984018,-0.224313
1.26719,2.44681,0.985963,-0.744204
1.47884,1.08051,-0.250222,-0.997741
1.52645,1.74694,-0.713801,-0.996482
1.15435,2.88827,0.34382,-0.466087
1.28421,1.79073,-0.611035,-0.778799
1.6491,1.60896,-0.941881,-0.892199
1.05713,2.06075,0.189674,-0.178507
1.01664,1.57171,-0.97467,-0.0522503
1.98194,2.33954,0.875535,-0.0567031
1.50509,2.40162,0.952518,-0.999763
1.0466,2.62014,0.929511,-0.145865
1.75466,2.77936,0.638927,-0.696612
1.30134,1.55255,-0.986292,-0.811399
1.71767,2.38361,0.93379,-0.775076
1.96168,1.39934,-0.950358,-0.120084
1.64765,1.66174,-0.87356,-0.894238
1.97909,2.40495,0.955682,-0.0656381
1.94382,2.5977,0.953168,-0.175569
1.70765,1.91363,-0.268003,-0.794585
1.07976,1.28416,-0.778708,-0.247945
1.05671,2.43588,0.979722,-0.1772
1.30432,1.71065,-0.788809,-0.816852
1.24627,1.75079,-0.705285,-0.698694
1.38789,1.33817,-0.873466,-0.938507
1.14844,2.68705,0.832198,-0.449597
1.90599,1.47433,-0.996639,-0.291033
1.04661,1.95625,-0.137012,-0.145908
1.18709,1.01939,-0.0608616,-0.554465
1.23661,1.77237,-0.655628,-0.676691
1.00515,1.20106,-0.590422,-0.01618
1.87361,1.85284,-0.445974,-0.386674
1.30086,2.02827,0.0886858,-0.810513
1.49057,1.89262,-0.330962,-0.99945
1.89983,1.78701,-0.620234,-0.309495
1.21146,2.85795,0.431575,-0.616488
1.9359,1.53262,-0.994694,-0.199983
1.44372,2.92378,0.237162,-0.984301
1.07038,2.57931,0.969017,-0.219293
1.13464,1.46676,-0.994442,-0.410459
1.78145,1.00682,-0.0214266,-0.633835
1.09006,1.45065,-0.987895,-0.279135
1.90624,2.35734,0.901189,-0.290277
1.07611,2.68488,0.835945,-0.236808
1.68837,1.50149,-0.999936,-0.82988
1.87615,1.06301,-0.196637,-0.379293
1.80321,2.19839,0.583624,-0.579531
1.5473,1.92737,-0.22617,-0.988891
1.80811,2.55838,0.983128,-0.566967
1.41086,2.10394,0.320739,-0.960938
1.2154,1.99709,-0.00913632,-0.626163
1.20433,2.55926,0.982639,-0.598709
1.28427,1.51029,-0.999424,-0.778921
1.75068,1.26485,-0.739258,-0.705515
1.90031,2.35449,0.89723,-0.30806
1.5148,1.7255,-0.759308,-0.998813
1.8297,1.29367,-0.797082,-0.509815
1.51677,2.98898,0.0345962,-0.998547
1.17933,1.24377,-0.69309,-0.534012
1.60347,2.84969,0.454833,-0.947579
1.80167,2.34951,0.890252,-0.583488
1.24341,1.48615,-0.999014,-0.692282
1.17118,2.86072,0.42368,-0.5122
1.07848,2.22179,0.641682,-0.244066
1.79524,2.62555,0.923127,-0.599757
1.37965,2.22295,0.644511,-0.929265
1.22603,1.61501,-0.935329,-0.651841
1.47898,2.17912,0.53344,-0.997765
1.98213,2.4841,0.998664,-0.0561005
1.80862,2.86708,0.405536,-0.565633
1.1942,2.025,0.078438,-0.572895
1.26616,2.55165,0.986786,-0.742039
1.48793,1.39743,-0.948436,-0.999195
1.90032,2.65601,0.882211,-0.308046
1.00523,1.87597,-0.379823,-0.0164434
1.52502,2.47637,0.997155,-0.996859
1.03094,1.54435,-0.990201,-0.0970479
1.69703,2.17657,0.526667,-0.814409
1.80892,1.65031,-0.890509,-0.564847
1.19555,1.954,-0.144001,-0.57638
1.17893,2.81369,0.552419,-0.53295
1.60544,2.88541,0.352224,-0.945555
1.62392,2.7514,0.703927,-0.925071
1.92673,1.60618,-0.944783,-0.228137
1.93744,2.0024,0.00752451,-0.195251
1.54063,1.43643,-0.98002,-0.991808
1.73997,2.23538,0.673821,-0.728953
1.89681,1.80218,-0.58218,-0.318506
1.53276,2.43856,0.981323,-0.994653
1.11967,1.87185,-0.391784,-0.367121
1.33055,1.72178,-0.76691,-0.861557
1.13384,2.75726,0.690772,-0.40817
1.11967,1.68982,-0.827356,-0.367118
1.72147,1.16916,-0.506699,-0.767535
1.39897,1.72541,-0.759482,-0.949988
1.07921,1.70462,-0.800331,-0.246262
1.80222,2.23842,0.680882,-0.58208
1.01786,1.17563,-0.524141,-0.0560797
1.47188,2.41573,0.965052,-0.996024
1.54416,1.73044,-0.749138,-0.990286
1.91977,2.12103,0.37111,-0.24937
1.50995,2.37489,0.923661,-0.999469
1.18788,2.40852,0.958877,-0.556547
1.05359,2.63083,0.916663,-0.167542
1.42021,2.94623,0.168109,-0.968637
1.90411,2.92786,0.224679,-0.296697
1.3915,2.40668,0.957231,-0.942416
1.39642,2.81306,0.55406,-0.947412
1.43846,2.94549,0.170398,-0.981311
1.06812,1.03334,-0.104539,-0.212354
1.57789,2.50879,0.999512,-0.970114
1.41036,1.96423,-0.112146,-0.960508
1.77188,1.22024,-0.637978,-0.656796
1.67027,2.74563,0.716672,-0.860222
1.5665,1.59944,-0.951491,-0.978172
1.4592,1.1915,-0.565903,-0.991686
1.05824,2.37903,0.928573,-0.181914
1.62198,2.17062,0.510675,-0.927375
1.79746,2.68923,0.828354,-0.594173
1.54616,2.80589,0.572664,-0.9894
1.34293,2.08957,0.277681,-0.880616
1.63243,2.82935,0.510759,-0.914593
1.35489,2.01232,0.038698,-0.897788
1.72459,2.523,0.997309,-0.761165
1.3095,2.95305,0.146969,-0.826108
1.28321,2.35952,0.904095,-0.776853
1.95118,1.79303,-0.605309,-0.152771
1.07475,1.94839,-0.161434,-0.232645
1.72295,2.05204,0.162752,-0.764505
1.88782,1.92644,-0.229015,-0.345137
1.16492,2.08954,0.277602,-0.495211
1.81887,2.88085,0.365596,-0.538755
1.15296,1.84319,-0.472891,-0.462197
1.96765,2.56776,0.977362,-0.101445
1.31156,2.1293,0.395124,-0.829748
1.0976,2.21117,0.615735,-0.301808
1.10377,1.64853,-0.892998,-0.320233
1.64095,2.89997,0.309074,-0.903468
1.83417,2.07703,0.239631,-0.497673
1.58728,2.98309,0.0531043,-0.96258
1.60568,1.38305,-0.933187,-0.945306
1.66533,2.75662,0.692213,-0.868044
1.32166,2.57503,0.972271,-0.847082
1.44034,1.11324,-0.34825,-0.982414
1.26013,2.45759,0.991061,-0.729197
1.88847,1.30051,-0.809867,-0.343234
1.38094,1.92516,-0.232947,-0.930754
1.71276,2.7581,0.68883,-0.784764
1.33772,2.41327,0.963031,-0.872789
1.64073,2.99415,0.0183776,-0.903752
1.93407,1.88508,-0.353211,-0.205624
1.43714,1.57271,-0.973981,-0.980471
1.31799,2.55367,0.985756,-0.840828
1.67505,1.4916,-0.99955,-0.852512
1.30114,1.00067,-0.00210618,-0.811024
1.58265,1.71471,-0.780939,-0.966381
1.30836,2.04563,0.142848,-0.82409
1.22303,2.30458,0.817315,-0.64465
1.97425,2.56882,0.976677,-0.0808012
1.84649,2.36888,0.916247,-0.463752
1.69895,1.22246,-0.6433,-0.810889
1.36185,2.18443,0.547498,-0.907223
1.38685,2.88438,0.355255,-0.937387
1.6768,1.80075,-0.585847,-0.849584
1.01758,1.64104,-0.903338,-0.0552046
1.45388,2.49711,0.999891,-0.989452
1.97617,2.53328,0.994429,-0.0747884
1.80804,1.19254,-0.568604,-0.567129
1.07362,2.51555,0.998717,-0.229191
1.91282,1.54503,-0.989901,-0.270451
1.18853,2.20796,0.607796,-0.558224
1.55378,2.22984,0.660883,-0.985656
1.2665,2.39745,0.948479,-0.742768
1.53595,1.14386,-0.43667,-0.993528
1.38806,1.68723,-0.831843,-0.938698
1.32072,1.05693,-0.177884,-0.845478
1.46459,1.64575,-0.89689,-0.993728
1.62914,1.96427,-0.112018,-0.918748
1.16918,2.77315,0.653818,-0.506768
1.58427,1.50987,-0.999481,-0.965056
1.95037,1.60742,-0.943493,-0.155282
1.07752,1.57883,-0.969412,-0.241113
1.53258,2.80709,0.569555,-0.994704
1.97658,1.71174,-0.786729,-0.0734887
1.9002,1.01834,-0.0575706,-0.308387
1.48254,1.01139,-0.0357629,-0.998385
1.51147,2.19814,0.582991,-0.999265
1.73256,1.99244,-0.0237318,-0.744681
1.13138,1.31009,-0.827148,-0.401097
1.67225,1.16196,-0.487094,-0.857037
1.08684,2.91607,0.260615,-0.269429
1.78193,2.46473,0.993775,-0.632678
1.08346,2.43358,0.978225,-0.259165
1.17752,1.5153,-0.998745,-0.529166
1.3618,1.13126,-0.400734,-0.907151
1.05804,1.13203,-0.40295,-0.181311
1.89907,2.48781,0.999167,-0.311772
1.03739,2.3306,0.86161,-0.117177
1.07964,1.02609,-0.0818493,-0.247567
1.71679,1.86963,-0.398181,-0.776816
1.03197,2.99636,0.0114295,-0.100252
1.37862,2.25787,0.724296,-0.928086
1.62103,1.33051,-0.861498,-0.928504
1.73044,1.26234,-0.733909,-0.749137
1.86411,2.6086,0.942304,-0.414035
1.07521,1.63602,-0.91002,-0.234076
1.67373,1.85378,-0.443344,-0.854663
1.70123,2.65152,0.888729,-0.806648
1.93789,2.58484,0.964633,-0.19386
1.69337,2.5018,0.999872,-0.820999
1.47266,1.73423,-0.741185,-0.996219
1.49919,1.93646,-0.198261,-0.999891
1.98889,1.09589,-0.296686,-0.0348926
1.46974,2.7897,0.613605,-0.995418
1.68411,2.77536,0.648528,-0.837269
1.97184,1.90245,-0.301658,-0.088355
1.80097,1.3626,-0.908195,-0.585279
1.70558,1.69126,-0.824787,-0.798545
1.60645,2.65869,0.878188,-0.9445
1.46639,1.5427,-0.990932,-0.994319
1.35385,1.96682,-0.104043,-0.896366
1.45697,1.69435,-0.819239,-0.990782
1.24586,1.79209,-0.607677,-0.697783
1.58834,1.5595,-0.982478,-0.961694
1.96357,1.97101,-0.0909475,-0.114182
1.40725,1.94337,-0.176969,-0.95779
1.72384,2.79972,0.588435,-0.762699
1.0664,1.34401,-0.882243,-0.207059
1.86009,2.80437,0.576585,-0.425476
1.30909,1.85006,-0.453781,-0.825389
1.40009,1.55309,-0.986011,-0.951105
1.09419,2.75516,0.695492,-0.291589
1.98655,2.95453,0.14235,-0.0422384
1.17189,1.14548,-0.441236,-0.514103
1.62347,1.77186,-0.656842,-0.925609
1.39098,2.00078,0.00244115,-0.94185
1.83674,2.40147,0.952378,-0.490657
1.94535,1.26819,-0.746285,-0.170812
1.79118,1.06874,-0.214257,-0.609941
1.30468,1.95895,-0.128584,-0.817501
1.35211,2.1162,0.356956,-0.893934
1.53335,1.92669,-0.228277,-0.994479
1.16849,1.97027,-0.0932393,-0.504896
1.63137,2.52852,0.995921,-0.915939
1.65777,1.97456,-0.0798181,-0.879601
1.66278,1.81028,-0.561298,-0.871966
1.13509,2.53674,0.993292,-0.411749
1.60788,2.37823,0.927622,-0.943015
1.43612,1.48767,-0.99917,-0.979824
1.76045,1.89115,-0.335309,-0.683479
1.86866,2.88282,0.359866,-0.40097
1.43191,1.94105,-0.184131,-0.977156
1.942,2.60324,0.947759,-0.181189
1.65216,1.15439,-0.466192,-0.887835
1.20468,1.7706,-0.659829,-0.599576
1.74171,1.50542,-0.999744,-0.725199
1.31858,2.25471,0.717451,-0.841844
1.774,2.74975,0.707628,-0.651777
1.56734,2.52133,0.99771,-0.977606
1.36929,1.49518,-0.999814,-0.916812
1.54922,1.08661,-0.26875,-0.988026
1.49788,2.38267,0.932738,-0.999866
1.30099,1.9587,-0.129373,-0.810745
1.5979,1.73212,-0.745614,-0.952992
1.35042,2.47652,0.997186,-0.891507
1.73845,1.49617,-0.999833,-0.73224
1.21369,1.91447,-0.265454,-0.621964
1.38668,2.44026,0.982333,-0.937199
1.74846,2.4539,0.989426,-0.710446
1.56532,2.20383,0.597404,-0.97896
1.86774,1.99081,-0.0288753,-0.403611
1.72017,2.65836,0.878681,-0.77011
1.5915,2.869,0.400003,-0.958865
1.61218,1.14092,-0.428363,-0.938496
1.78516,2.89453,0.325274,-0.624821
1.79399,2.6386,0.906638,-0.602892
1.46198,2.96127,0.121373,-0.992813
1.23514,2.82952,0.510287,-0.673312
1.98013,1.75929,-0.686121,-0.0623944
1.07585,2.57557,0.971885,-0.236018
1.92596,2.13818,0.420569,-0.230502
1.93647,1.84982,-0.454439,-0.198228
1.47569,1.14403,-0.43716,-0.99698
1.37405,2.02181,0.0684683,-0.922639
1.94951,2.19803,0.5827,-0.157949
1.83515,1.96696,-0.103609,-0.495003
1.47741,1.45772,-0.991086,-0.997413
1.41799,1.18263,-0.542724,-0.966897
1.05554,1.94532,-0.170923,-0.173577
1.22797,2.63498,0.911328,-0.656479
1.17058,1.83177,-0.504235,-0.510564
1.25471,2.317,0.839184,-0.717413
1.87824,1.64323,-0.900421,-0.373239
1.61173,1.23179,-0.665454,-0.938994
1.55229,1.85238,-0.447276,-0.986429
1.78097,1.66523,-0.868197,-0.634992
1.60484,1.52994,-0.99547,-0.946184
1.46576,2.16544,0.496604,-0.994114
1.97992,2.09081,0.281427,-0.0630293
1.50926,1.80329,-0.579337,-0.999521
1.78549,1.48183,-0.998261,-0.624006
1.84067,1.25262,-0.712836,-0.479857
1.4188,1.15148,-0.458078,-0.967536
1.69503,2.8341,0.497879,-0.818013
1.46259,1.89071,-0.336611,-0.99306
1.86931,1.59905,-0.951871,-0.399094
1.60283,1.05538,-0.173083,-0.948203
1.70974,2.84424,0.469999,-0.790566
1.5288,1.92317,-0.239002,-0.9958
1.85603,2.21913,0.635238,-0.437009
1.19895,2.72071,0.768997,-0.585056
1.04873,1.031,-0.0972197,-0.152486
1.85815,2.02502,0.0785046,-0.430981
1.57882,2.72733,0.755563,-0.969414
1.64716,2.6329,0.914018,-0.894915
1.37282,1.27943,-0.769285,-0.921131
1.52905,1.74937,-0.708419,-0.995728
1.58932,2.8355,0.494081,-0.960815
1.36528,1.17602,-0.525167,-0.911669
1.22437,1.31801,-0.840876,-0.647882
1.06825,2.91359,0.268117,-0.212761
1.66331,1.90171,-0.303875,-0.871149
1.53799,2.28259,0.775583,-0.992778
1.5361,2.41245,0.962355,-0.993471
1.23217,2.56162,0.981257,-0.666338
1.13386,1.38576,-0.936214,-0.408225
1.66802,1.66211,-0.872995,-0.863828
1.27284,2.95165,0.151288,-0.755914
1.86439,1.22232,-0.642954,-0.413234
1.85978,1.15192,-0.459302,-0.426368
1.02629,2.9653,0.108782,-0.0824791
1.03174,1.78834,-0.616942,-0.0995429
1.75959,1.46334,-0.993319,-0.685433
1.19997,2.14531,0.440786,-0.587648
1.60171,1.84672,-0.463121,-0.949287
1.73589,2.49849,0.999936,-0.737688
1.81652,1.3409,-0.877568,-0.54498
1.08363,1.54741,-0.988845,-0.259695
1.32568,1.97351,-0.0831052,-0.853658
1.94273,1.13031,-0.397991,-0.178921
1.30243,2.86168,0.420961,-0.81339
1.65525,2.51511,0.998794,-0.883299
1.21698,2.67749,0.848463,-0.630029
1.08018,1.09969,-0.308072,-0.249209
1.01299,1.08878,-0.275288,-0.0407806
1.78083,2.22983,0.660864,-0.635354
1.10218,2.36263,0.908228,-0.315524
1.41647,1.2076,-0.606857,-0.965702
1.9845,2.69263,0.822347,-0.0486744
1.44879,2.6363,0.909614,-0.986998
1.17018,1.20077,-0.589669,-0.509465
1.9625,1.5955,-0.955272,-0.117514
1.67358,1.41319,-0.962941,-0.854912
1.74432,1.06486,-0.202327,-0.719563
1.2046,1.73111,-0.747733,-0.599374
1.84836,2.48468,0.998743,-0.458553
1.41663,1.22886,-0.658563,-0.96583
1.13431,1.0096,-0.0301423,-0.409519
1.68485,1.16827,-0.50429,-0.835985
1.3848,2.59188,0.958584,-0.935167
1.56807,2.17636,0.526122,-0.977114
1.40237,1.6013,-0.949686,-0.953238
1.35345,2.6812,0.842211,-0.895821
1.22828,1.61384,-0.936639,-0.657202
1.8292,1.7828,-0.630559,-0.511161
1.37823,1.2221,-0.642426,-0.927628
1.67332,2.58526,0.964277,-0.855316
1.50443,1.78969,-0.613603,-0.999801
1.09211,2.77299,0.654205,-0.285333
1.16232,1.74044,-0.727949,-0.488084
1.42293,1.38324,-0.933412,-0.970774
1.47904,1.3067,-0.821164,-0.997776
1.11198,1.30654,-0.820878,-0.344545
1.07201,2.87101,0.394192,-0.224297
1.39424,2.72226,0.765887,-0.94522
1.71519,1.01439,-0.0451932,-0.77999
1.80421,2.48534,0.998833,-0.576971
1.29929,1.02278,-0.07149,-0.807648
1.75356,2.83813,0.486834,-0.699124
1.42613,2.44616,0.985621,-0.973089
1.84037,1.2641,-0.737645,-0.480695
1.80821,1.74637,-0.715063,-0.566704
1.09423,1.31509,-0.835889,-0.291724
1.07225,2.30037,0.809636,-0.225012
1.68674,2.01914,0.060102,-0.832693
1.91397,1.74647,-0.714857,-0.266954
1.30629,2.06848,0.213448,-0.820423
1.91837,2.35088,0.892177,-0.253621
1.36628,2.53335,0.994407,-0.912956
1.32195,2.43399,0.978496,-0.847559
1.24331,1.32346,-0.85003,-0.692052
1.37278,1.82326,-0.527115,-0.921084
1.03214,1.77973,-0.638003,-0.100805
1.95232,2.51226,0.999177,-0.149207
1.7413,2.92607,0.230151,-0.726096
1.78308,1.82489,-0.522764,-0.629882
1.70858,2.31651,0.838347,-0.792794
1.40546,1.17741,-0.528876,-0.956117
1.25851,1.45713,-0.990846,-0.725718
1.07932,1.67621,-0.85057,-0.246589
1.30968,1.86662,-0.406834,-0.826423
1.92892,1.76719,-0.667861,-0.221433
1.70962,2.51119,0.99928,-0.790799
1.17057,2.62606,0.922501,-0.510525
1.12563,1.17169,-0.513571,-0.384486
1.31679,1.00985,-0.0309509,-0.838788
1.20045,2.66852,0.863022,-0.588858
1.97101,1.33165,-0.863285,-0.0909555
1,1,0,0
1.99608,3,8.75267e-17,-0.0123192
1.00784,1.00392,-0.0123183,-0.0246366
2.40229,2.06405,0.199855,0.953169
2.67621,2.56067,0.981849,0.850563
2.75012,1.10016,-0.309463,0.706791
2.22021,1.36465,-0.910844,0.637855
2.35006,1.51832,-0.998284,0.891024
2.42116,1.29567,-0.800861,0.969401
2.65713,1.92544,-0.232088,0.880531
2.34827,2.17604,0.525256,0.888466
2.7378,1.01488,-0.046728,0.733609
2.50873,1.05619,-0.175595,0.999518
2.85333,1.69758,-0.813421,0.444588
2.23093,1.20925,-0.610988,0.663467
2.50535,2.80528,0.574229,0.999804
2.64102,1.99684,-0.0099179,0.903371
2.1273,1.0677,-0.211072,0.389315
2.70655,2.56672,0.97802,0.796657
2.34605,1.90097,-0.3061,0.885204
2.31383,2.36544,0.911909,0.833698
2.96176,1.44203,-0.983361,0.119824
2.77111,2.80306,0.579932,0.658638
2.17105,1.03353,-0.105124,0.511836
2.75349,1.01527,-0.0479441,0.69924
2.62065,1.00391,-0.0122684,0.928921
2.57315,1.37028,-0.918019,0.973603
2.1572,2.44268,0.983776,0.473969
2.86913,2.8235,0.526439,0.399612
2.15485,2.4415,0.983078,0.467481
2.56962,2.06243,0.194866,0.976109
2.72017,2.90422,0.29636,0.770084
2.38479,1.03863,-0.121052,0.935111
2.25495,2.86,0.425738,0.717992
2.24507,2.1274,0.389613,0.695999
2.90864,2.3466,0.886012,0.283052
2.70851,1.85674,-0.434988,0.792958
2.69285,1.40329,-0.954098,0.821956
2.87757,1.45209,-0.98859,0.375183
2.49324,2.59942,0.951561,0.999666
2.11384,1.38816,-0.938797,0.350037
2.06964,1.64483,-0.898179,0.217027
2.02596,1.0474,-0.148368,0.0814707
2.17668,2.60199,0.949021,0.526961
2.99806,1.69366,-0.82047,0.00610217
2.20272,2.43548,0.979488,0.594605
2.98431,2.15766,0.47525,0.0492612
2.94016,1.17896,-0.53302,0.186869
2.45324,2.8374,0.488848,0.989134
2.03707,1.60127,-0.949715,0.116172
2.51777,2.38167,0.931623,0.998331
2.41505,1.22262,-0.643668,0.964492
2.57323,1.16073,-0.483699,0.973548
2.96176,1.56541,-0.978904,0.119826
2.46293,1.29619,-0.801842,0.993115
2.59818,1.90022,-0.30833,0.952722
2.75466,1.37653,-0.925672,0.6966
2.61383,2.67542,0.851866,0.936655
2.03191,1.08527,-0.26467,0.100081
2.66432,2.46799,0.99487,0.869611
2.2002,2.91168,0.273885,0.588272
2.46614,1.51438,-0.99887,0.994291
2.91121,2.49755,0.999916,0.275322
2.47339,1.35664,-0.900182,0.996436
2.79462,1.47717,-0.997352,0.601333
2.04367,2.33733,0.872137,0.136766
2.6263,1.14235,-0.432425,0.922211
2.39876,2.06383,0.199152,0.949746
2.12865,1.0232,-0.0728127,0.393223
2.92033,2.7842,0.62714,0.247681
2.95199,2.50929,0.999463,0.150244
2.78381,2.14653,0.444207,0.628091
2.11636,2.99707,0.00921329,0.357421
2.52593,1.89824,-0.314239,0.996572
2.52473,1.09488,-0.293647,0.996876
2.28275,2.61165,0.939005,0.775914
2.67821,2.09855,0.304677,0.847298
2.64404,2.35407,0.896644,0.899252
2.57789,2.8485,0.458125,0.970135
2.91584,2.61462,0.935795,0.261307
2.66159,2.89553,0.322296,0.87382
2.10236,2.4131,0.962892,0.316024
2.18929,1.93958,-0.188666,0.560182
2.43659,2.51185,0.999216,0.980145
2.33668,2.02122,0.0666008,0.871132
2.4262,2.95597,0.137873,0.97317
2.59636,2.54414,0.990335,0.954422
2.17634,2.9441,0.17471,0.526074
2.30511,2.41088,0.960994,0.818268
2.54435,1.42131,-0.969504,0.990246
2.53426,2.42913,0.975231,0.994105
2.63213,2.68938,0.82808,0.915023
2.49043,2.48101,0.998143,0.999504
2.05745,2.28874,0.787649,0.179507
2.33476,1.25215,-0.711815,0.86818
2.68089,1.09789,-0.302679,0.842742
2.29523,1.9235,-0.238011,0.800065
2.26473,2.81527,0.548255,0.738985
2.44187,2.4541,0.989512,0.983298
2.71341,1.68821,-0.830151,0.783448
2.70455,1.66984,-0.860902,0.80045
2.72938,1.67911,-0.845729,0.751317
2.47912,1.08268,-0.256802,0.99774
2.95558,2.65418,0.884912,0.139076
2.60459,2.13997,0.425647,0.946402
2.92085,2.58023,0.968294,0.246083
2.25744,2.53762,0.992973,0.723375
2.2862,1.60837,-0.942497,0.782757
2.5704,1.45601,-0.990394,0.975555
2.95298,1.0769,-0.239241,0.147166
2.25576,2.00283,0.00888517,0.719739
2.63017,2.59222,0.958287,0.917477
2.52532,1.00895,-0.0281216,0.996726
2.2611,2.49375,0.999696,0.731271
2.11616,1.17641,-0.52621,0.356838
2.62205,1.98621,-0.0433076,0.927305
2.59183,1.45117,-0.988148,0.958627
2.93578,2.37729,0.926512,0.200375
2.51822,2.36808,0.915243,0.998252
2.86122,2.18721,0.554756,0.422256
2.30875,2.33447,0.867738,0.824809
2.27671,1.9609,-0.122507,0.763809
2.4209,2.26184,0.732873,0.969204
2.38055,1.8672,-0.405156,0.930369
2.80286,1.64374,-0.899717,0.580447
2.12081,1.001,-0.00313061,0.370469
2.55067,2.74831,0.710807,0.987261
2.65776,2.6229,0.926333,0.879584
2.98326,1.8745,-0.384082,0.0525664
2.72682,2.66031,0.875745,0.756613
2.33968,1.97876,-0.0666765,0.875749
2.02991,1.01297,-0.0407423,0.0938142
2.43252,1.86188,-0.420409,0.977508
2.52549,1.24192,-0.688874,0.996684
2.77234,2.43493,0.979127,0.655753
2.95207,2.74694,0.713811,0.149983
2.15268,1.53355,-0.994406,0.46146
2.51205,2.94362,0.176184,0.999197
2.69887,2.06057,0.189124,0.811011
2.56387,1.06078,-0.189785,0.979828
2.71504,1.10835,-0.333816,0.780273
2.8053,1.43873,-0.981482,0.574183
2.81806,2.70344,0.802545,0.54092
2.82418,1.42915,-0.975237,0.524637
2.69228,1.56247,-0.980707,0.822953
2.5531,2.42078,0.969117,0.986077
2.16738,2.07369,0.229412,0.501898
2.45522,1.29299,-0.79579,0.99001
2.5533,1.31843,-0.841586,0.985965
2.50013,1.38286,-0.932974,0.999905
2.51885,1.27882,-0.768061,0.998142
2.41638,2.86734,0.404768,0.965589
2.26342,2.61953,0.93021,0.736239
2.82659,1.48496,-0.998805,0.518204
2.35387,2.21373,0.62206,0.896357
2.94109,2.07783,0.242058,0.184005
2.31253,2.74678,0.71415,0.83143
2.11716,2.53888,0.992463,0.359779
2.17324,1.6622,-0.872859,0.51772
2.75379,1.54844,-0.988387,0.698558
2.44141,2.8344,0.497057,0.983021
2.1915,1.66112,-0.874523,0.565933
2.90609,1.8121,-0.556565,0.290753
2.20835,2.5895,0.960627,0.608776
2.79824,1.761,-0.682224,0.59219
2.98919,2.86865,0.401003,0.0339519
2.01636,1.07622,-0.237132,0.0513668
2.87656,1.06088,-0.190077,0.378109
2.80115,2.4775,0.997395,0.584793
2.88705,2.10931,0.336658,0.34741
2.71504,1.30125,-0.811227,0.780269
2.75836,1.42762,-0.974151,0.688229
2.31504,1.72198,-0.766494,0.835784
2.87477,1.50408,-0.999822,0.383345
2.15723,1.72933,-0.751478,0.474044
2.78877,2.3959,0.946957,0.615928
2.36689,1.37765,-0.926969,0.913736
2.89186,1.31669,-0.838629,0.33322
2.64242,2.70614,0.797443,0.901462
2.30577,2.39696,0.947996,0.819452
2.64303,2.74271,0.723064,0.900628
2.31848,1.12692,-0.388207,0.841697
2.40069,1.17866,-0.532223,0.951623
2.01801,1.63202,-0.915117,0.0565436
2.28237,2.59758,0.953278,0.775152
2.53507,1.74469,-0.718758,0.99384
2.35321,1.69943,-0.810009,0.895439
2.67455,2.78663,0.621184,0.853278
2.06701,2.87435,0.384549,0.208947
2.59419,2.46496,0.993862,0.956448
2.18485,2.05638,0.176175,0.548591
2.24129,2.22438,0.647928,0.687426
2.8107,2.77185,0.656894,0.560224
2.42665,2.98519,0.04651,0.973503
2.77495,1.95855,-0.129854,0.649507
2.20571,1.30666,-0.821082,0.602139
2.81363,1.04501,-0.14092,0.552568
2.34239,2.16649,0.499459,0.879837
2.9714,2.22792,0.656329,0.0897299
2.64497,1.92504,-0.233306,0.897979
2.15361,2.01071,0.0336512,0.464044
2.30685,1.8386,-0.485582,0.821394
2.40579,2.73818,0.732786,0.95643
2.68869,2.57175,0.974593,0.829299
2.15669,2.29961,0.808218,0.472567
2.60304,2.34543,0.884304,0.94796
2.80195,2.84132,0.478079,0.582758
2.86903,1.96093,-0.122431,0.399911
2.06835,2.53659,0.993341,0.213059
2.93868,2.35609,0.89947,0.191453
2.30512,2.07362,0.229206,0.818273
2.31906,1.75295,-0.700497,0.84267
2.36938,2.01834,0.0575845,0.916877
2.37131,1.2875,-0.785243,0.919314
2.16533,2.05431,0.169773,0.496311
2.38706,1.30845,-0.824251,0.937647
2.41014,1.85384,-0.443172,0.960335
2.82644,2.58087,0.967792,0.518611
2.73716,2.72923,0.751621,0.734958
2.82074,2.76856,0.664626,0.53382
2.13013,2.32437,0.851548,0.3975
2.66209,1.48514,-0.998837,0.873072
2.40351,2.97588,0.0756924,0.954361
2.5642,1.3616,-0.906898,0.979621
2.31563,2.88194,0.362444,0.836805
2.55685,1.28182,-0.774106,0.983984
2.13374,2.80337,0.579153,0.407871
2.60356,1.55882,-0.982883,0.94744
2.37488,2.94461,0.173129,0.923645
2.53004,2.24143,0.687759,0.995492
2.15441,2.50207,0.999867,0.466251
2.80481,2.16901,0.506339,0.575453
2.01128,2.08635,0.26792,0.0354207
2.87085,2.94475,0.172681,0.394646
2.68231,1.65422,-0.884806,0.840316
2.3995,1.54178,-0.991341,0.950468
2.81586,1.77492,-0.649591,0.546701
2.82348,2.12456,0.381358,0.526508
2.00403,2.72853,0.753066,0.0126601
2.67359,2.16088,0.484169,0.854849
2.34114,1.98294,-0.0535608,0.877995
2.5629,2.55539,0.984799,0.980446
2.48788,1.23376,-0.670077,0.999176
2.85903,2.83869,0.485316,0.428511
2.48847,2.42112,0.969373,0.999256
2.43057,1.51826,-0.998298,0.976202
2.4191,2.81071,0.5602,0.967824
2.50008,1.15393,-0.464912,0.999906
2.30468,2.9118,0.273534,0.817483
2.28493,1.69504,-0.817997,0.780237
2.32396,1.66558,-0.867658,0.850862
2.51509,2.39424,0.945222,0.998797
2.7074,2.48107,0.998155,0.795056
2.35006,2.94051,0.185787,0.891029
2.91991,1.70625,-0.797287,0.248946
2.74494,1.46928,-0.995268,0.718169
2.0729,1.6892,-0.828435,0.227007
2.71154,1.61967,-0.930124,0.787108
2.92126,2.98561,0.0451954,0.244831
2.91294,1.18042,-0.53692,0.27009
2.78513,2.53677,0.993282,0.624845
2.56791,2.38255,0.932602,0.977269
2.19144,1.81449,-0.550319,0.565772
2.62612,2.41441,0.963965,0.92243
2.84785,2.21257,0.619191,0.459957
2.90347,2.0374,0.117199,0.298615
2.60153,1.43838,-0.981259,0.949483
2.29971,2.20679,0.604854,0.808402
2.08066,2.68787,0.830759,0.250677
2.23094,2.27804,0.766526,0.663498
2.45318,1.75894,-0.686904,0.989105
2.7266,1.6444,-0.898779,0.757072
2.39491,2.2774,0.765231,0.945923
2.37075,2.94269,0.17905,0.918608
2.90628,1.99676,-0.0101906,0.290192
2.45412,1.52219,-0.99746,0.989521
2.04779,2.70505,0.799511,0.149543
2.29179,2.30245,0.813481,0.793503
2.37492,2.53723,0.993131,0.923687
2.9158,1.4258,-0.972858,0.261409
2.31305,2.41467,0.964181,0.832344
2.95484,2.92426,0.235677,0.141372
2.01368,2.15554,0.469382,0.0429655
2.01202,2.61075,0.939975,0.0377638
2.93314,1.39857,-0.949585,0.208471
2.39237,1.75311,-0.700134,0.943268
2.34835,1.96541,-0.108442,0.888582
2.77189,2.97946,0.064476,0.656815
2.35948,2.35705,0.900808,0.904039
2.47433,1.40574,-0.95638,0.996707
2.05871,2.16549,0.496731,0.183406
2.87346,1.8901,-0.338401,0.387114
2.57524,1.12452,-0.381262,0.97212
2.13202,2.77766,0.642995,0.402923
2.52699,1.4173,-0.966356,0.996308
2.61508,2.36079,0.905777,0.935297
2.35838,1.96286,-0.116411,0.902578
2.188,1.56951,-0.976146,0.556814
2.17959,2.11728,0.360117,0.534679
2.76809,1.84141,-0.477821,0.665727
2.11534,1.54971,-0.987773,0.354449
2.68224,2.96808,0.100115,0.840443
2.76867,2.54795,0.98857,0.664366
2.51695,2.1687,0.505495,0.998473
2.8393,1.6303,-0.917278,0.483622
2.3051,2.20237,0.593741,0.818241
2.18682,2.822,0.530459,0.553744
2.42659,1.80594,-0.572525,0.973458
2.55928,2.07397,0.230289,0.98263
2.78765,2.8079,0.567456,0.618697
2.45671,2.22613,0.652082,0.990673
2.23126,1.36121,-0.906389,0.664253
2.21658,2.37004,0.91771,0.629071
2.04036,2.37003,0.917698,0.126441
2.08675,2.98246,0.0550692,0.269154
2.9346,1.85163,-0.449382,0.204011
2.88339,1.66328,-0.871197,0.358174
2.59727,2.36831,0.915531,0.953572
2.43911,1.58748,-0.962409,0.981652
2.33455,2.68945,0.827964,0.86787
2.03874,1.7324,-0.745019,0.121379
2.82031,2.73055,0.748893,0.534964
2.5056,1.57936,-0.969014,0.999799
2.98082,2.54747,0.988803,0.0602186
2.244,1.79257,-0.606466,0.69357
2.2181,1.33222,-0.864187,0.632741
2.13429,1.35882,-0.903153,0.409445
2.99143,2.22239,0.643136,0.0269117
2.73434,1.64878,-0.892657,0.740969
2.01971,2.85006,0.453782,0.0618691
2.4476,1.37987,-0.929524,0.986373
2.78568,2.14689,0.445237,0.623507
2.4659,1.81981,-0.536269,0.994203
2.29667,2.44088,0.982706,0.802747
2.74218,1.78866,-0.616157,0.724223
2.23906,1.75923,-0.686255,0.68237
2.95623,2.36739,0.914367,0.137073
2.9828,1.15473,-0.467134,0.0540007
2.37059,1.23684,-0.677229,0.91841
2.59953,1.79775,-0.593441,0.951465
2.02881,2.0001,0.000306227,0.0903849
2.34002,1.3484,-0.888621,0.876265
2.21273,1.63025,-0.917347,0.619602
2.7426,2.98045,0.0613795,0.723293
2.54743,2.02478,0.0777653,0.98882
2.64421,1.00296,-0.00930095,0.899015
2.75889,1.13158,-0.401666,0.687012
2.52728,2.78153,0.633673,0.996234
2.22952,2.8675,0.404315,0.660132
2.32843,2.40157,0.952474,0.858127
2.98715,2.27707,0.764556,0.0403498
2.19578,2.9767,0.0731187,0.576941
2.28538,2.7496,0.707957,0.781126
2.13649,1.29005,-0.790221,0.415757
2.55966,2.44616,0.985625,0.982413
2.22524,2.20328,0.596021,0.649958
2.38809,2.70146,0.806265,0.938795
2.54634,2.47299,0.99632,0.989344
2.24722,2.12316,0.37729,0.700874
2.56302,1.58553,-0.964015,0.980372
2.98386,1.67907,-0.845791,0.050675
2.60021,2.17954,0.534554,0.950814
2.48644,2.94912,0.159152,0.998982
2.28285,1.17561,-0.524084,0.776099
2.4383,1.71019,-0.789703,0.981164
2.24125,2.0084,0.0263716,0.68733
2.24267,2.74064,0.72756,0.690554
2.04235,1.15232,-0.460423,0.132631
2.65594,1.75178,-0.70308,0.882319
2.01533,1.22796,-0.656456,0.048124
2.57769,2.99578,0.0132465,0.970289
2.88862,1.62681,-0.921635,0.342771
2.74574,2.88709,0.347291,0.716436
2.49071,2.58691,0.96286,0.99952
2.60622,2.06098,0.190386,0.944759
2.22576,1.52975,-0.995524,0.651198
2.34864,2.63318,0.913664,0.889018
2.82604,2.31203,0.830572,0.519671
2.59708,1.61005,-0.940746,0.953749
2.64768,2.97449,0.0800482,0.894234
2.06187,2.55802,0.983333,0.19314
2.72546,1.9303,-0.217192,0.759437
2.29959,1.46452,-0.993704,0.808181
2.78741,1.90946,-0.280617,0.619271
2.18699,1.92375,-0.237236,0.554184
2.55133,1.50823,-0.999581,0.98694
2.31566,1.71851,-0.773405,0.836874
2.08366,2.39055,0.941373,0.259798
2.49769,2.47142,0.995863,0.999925
2.20075,2.73379,0.742144,0.589663
2.03476,1.69984,-0.809244,0.108976
2.48982,1.30162,-0.811903,0.999438
2.32653,2.16569,0.497288,0.855088
2.70036,2.48585,0.998902,0.808277
2.46916,2.37343,0.921916,0.995208
2.86346,2.01292,0.0405892,0.415887
2.14084,2.33393,0.866906,0.428108
2.90798,1.26446,-0.738423,0.285038
2.45632,2.622,0.927362,0.9905
2.55804,2.45905,0.991693,0.983322
2.03313,2.01499,0.0470676,0.10387
2.91227,2.64148,0.902746,0.272098
2.87942,2.3834,0.933559,0.369786
2.36365,2.87916,0.370539,0.909579
2.82669,1.60174,-0.949259,0.517924
2.07845,2.01197,0.0375875,0.24395
2.81657,2.30526,0.818532,0.544823
2.07711,2.91659,0.259024,0.239853
2.60456,1.1252,-0.383237,0.946431
2.17363,1.50995,-0.999469,0.518773
2.78706,1.6124,-0.938245,0.620123
2.66148,1.89331,-0.328918,0.873987
2.31196,1.44964,-0.98741,0.830446
2.41772,2.29915,0.807367,0.966689
2.92704,1.18048,-0.53709,0.227173
2.45792,1.77444,-0.650724,0.991208
2.78456,2.63364,0.913067,0.62625
2.40524,1.17133,-0.512583,0.955935
2.22581,1.92557,-0.231697,0.65131
2.73598,1.29723,-0.803819,0.737471
2.18207,1.8258,-0.520315,0.54125
2.6651,1.87852,-0.372416,0.868382
2.92347,1.79607,-0.597671,0.238087
2.35845,1.4278,-0.974275,0.902666
2.79603,1.90361,-0.298198,0.597807
2.00943,1.00089,-0.00278117,0.0296162
2.53291,2.77587,0.647285,0.994548
2.44184,1.33643,-0.870788,0.98328
2.29157,2.40382,0.954655,0.793081
2.50819,2.86941,0.39882,0.99957
2.55071,2.82317,0.527328,0.987241
2.4539,2.639,0.906116,0.989425
2.25117,1.79626,-0.597181,0.709633
2.1533,1.6841,-0.837281,0.463183
2.23111,1.53744,-0.992979,0.663882
2.06984,2.5364,0.993403,0.217638
2.20428,2.35624,0.89968,0.598552
2.94182,2.95308,0.146864,0.181743
2.32705,1.03391,-0.106325,0.855915
2.75192,1.02262,-0.0709872,0.702745
2.45922,1.92933,-0.220186,0.991756
2.62324,1.40359,-0.954378,0.925935
2.67253,1.55763,-0.983592,0.856597
2.79498,2.49143,0.999561,0.600429
2.46871,2.98389,0.0505954,0.995079
2.98346,2.041,0.12845,0.0519458
2.78496,1.20794,-0.607704,0.625264
2.11029,1.53717,-0.993079,0.339544
2.20483,2.69961,0.809661,0.599921
2.14507,1.94186,-0.181638,0.440127
2.46883,2.19543,0.576035,0.995114
2.75612,1.56473,-0.979361,0.693339
2.88916,1.34314,-0.880932,0.341188
2.81424,1.61631,-0.93388,0.550961
2.34969,1.06556,-0.204501,0.890506
2.14382,1.50345,-0.999859,0.436564
2.54033,2.55122,0.986996,0.991878
2.52814,1.5174,-0.998462,0.996019
2.85084,2.54781,0.988638,0.451608
2.26718,1.9434,-0.176865,0.744145
2.38554,2.76302,0.677546,0.93594
2.42945,1.70161,-0.805953,0.975448
2.20522,2.16223,0.487835,0.600915
2.64611,1.30781,-0.823123,0.896426
2.38039,2.36135,0.906531,0.930193
2.3172,2.74482,0.718439,0.839537
2.24376,2.85766,0.432398,0.693026
2.19989,1.07885,-0.245186,0.587473
2.53233,2.81536,0.548014,0.994739
2.77296,1.72379,-0.762805,0.654264
2.56817,1.81848,-0.539799,0.977105
2.66371,1.30268,-0.813855,0.870578
2.92345,2.83999,0.481724,0.238155
2.71093,2.81526,0.548292,0.788299
2.85865,2.57108,0.975071,0.429601
2.55246,1.67462,-0.853227,0.986396
2.30061,2.50796,0.999592,0.810074
2.70825,2.65278,0.886916,0.79345
2.4773,1.97323,-0.0839889,0.997353
2.58818,2.40554,0.956209,0.961766
2.48106,1.79277,-0.605976,0.998153
2.00917,1.82956,-0.510176,0.0288003
2.4517,1.47147,-0.99592,0.988447
2.78174,1.21487,-0.624854,0.633146
2.75347,2.37135,0.919367,0.699289
2.87932,2.51232,0.99917,0.370075
2.72006,2.22467,0.648613,0.770314
2.65805,2.35795,0.901995,0.87914
2.75096,1.63448,-0.912019,0.704898
2.29847,1.76371,-0.675926,0.806099
2.33931,1.80126,-0.584541,0.875178
2.5059,1.69513,-0.817819,0.999792
2.35632,2.78368,0.6284,0.899794
2.10516,1.11229,-0.345473,0.324363
2.63524,2.85848,0.430069,0.910996
2.07341,2.76094,0.682316,0.228569
2.74452,2.48838,0.999244,0.719085
2.68128,2.65131,0.889026,0.84208
2.79534,1.01593,-0.0500197,0.599528
2.71383,1.56715,-0.977734,0.782626
2.21329,1.67887,-0.846131,0.620988
2.48427,2.14678,0.444923,0.998687
2.54613,1.23212,-0.666221,0.989449
2.5293,1.81789,-0.541358,0.995727
2.46103,2.5187,0.998168,0.992417
2.12194,1.04117,-0.128971,0.37377
2.31036,2.90324,0.299284,0.827672
2.97622,1.06293,-0.196413,0.0746265
2.67038,1.16255,-0.488724,0.8601
2.31236,2.00518,0.016269,0.831135
2.2568,2.5085,0.99954,0.721973
2.67322,2.36279,0.908444,0.855461
2.41365,2.34007,0.876347,0.963345
2.83728,2.18855,0.558253,0.489168
2.90507,2.27177,0.753714,0.293807
2.09515,2.88381,0.356934,0.294465
2.54426,1.96091,-0.122497,0.990285
2.34527,1.51189,-0.999207,0.884068
2.5145,1.92253,-0.240961,0.9989
2.91718,2.881,0.365181,0.257235
2.65979,2.92577,0.231071,0.876534
2.11376,1.75226,-0.702028,0.349821
2.26881,2.16264,0.488961,0.747572
2.98114,1.33623,-0.870484,0.0592176
2.3081,1.07589,-0.236137,0.823641
2.80135,2.11503,0.353526,0.584285
2.86399,2.09396,0.290869,0.414356
2.65393,2.23533,0.673702,0.885276
2.58567,2.85146,0.449875,0.963923
2.52844,1.59712,-0.953743,0.995942
2.65123,1.63792,-0.907495,0.889143
2.18501,1.59933,-0.951598,0.549005
2.29401,1.00771,-0.0242262,0.797781
2.68819,1.71571,-0.778953,0.830192
2.48372,2.25382,0.715496,0.998613
2.10194,2.1273,0.389298,0.314767
2.99183,1.22002,-0.637443,0.0256597
2.00819,1.01715,-0.0538425,0.0257184
2.3759,1.4463,-0.985743,0.924854
2.51137,2.08806,0.273107,0.999263
2.28715,1.58848,-0.961575,0.784574
2.2272,1.0727,-0.226391,0.654608
2.35058,2.34213,0.879444,0.891757
2.96701,2.935,0.20278,0.103433
2.15335,1.43376,-0.978328,0.463322
2.24278,2.45655,0.9906,0.690816
2.41383,1.34505,-0.883809,0.963488
2.29533,2.34214,0.879467,0.800254
2.48208,1.8867,-0.348454,0.998369
2.68921,2.3589,0.903265,0.828381
2.54724,1.85389,-0.443037,0.988912
2.99523,2.01197,0.0375876,0.0149942
2.06398,1.71691,-0.776573,0.199616
2.90541,1.349,-0.889474,0.292793
2.91491,2.43176,0.977003,0.264137
2.62438,1.76475,-0.673518,0.924567
2.94698,2.31067,0.828203,0.165787
2.34315,2.22528,0.650048,0.88095
2.50146,1.57434,-0.972764,0.999879
2.03434,1.44067,-0.982602,0.10767
2.37285,1.66755,-0.864584,0.921231
2.08674,1.20243,-0.593896,0.269125
2.99758,1.06684,-0.208433,0.00761529
2.12369,2.39548,0.946517,0.378833
2.79559,1.64853,-0.892999,0.598902
2.71207,1.91728,-0.256945,0.786066
2.77095,1.09521,-0.294641,0.659005
2.84614,2.24694,0.700252,0.464724
2.18286,1.25578,-0.719746,0.543357
2.09556,1.32356,-0.850194,0.295686
2.07916,2.5804,0.968158,0.246109
2.7398,1.19944,-0.586294,0.729344
2.6475,2.50973,0.999421,0.894492
2.15393,2.07428,0.231237,0.464922
2.57267,2.24373,0.692967,0.973947
2.31416,1.25899,-0.726772,0.834263
2.15928,1.83011,-0.508716,0.479721
2.39068,2.16735,0.501813,0.941507
2.03188,1.39503,-0.946012,0.0999725
2.8905,1.88585,-0.35095,0.337257
2.40122,1.76532,-0.672199,0.952134
2.58968,2.23372,0.669957,0.960472
2.90969,1.26388,-0.737181,0.279909
2.04698,1.07348,-0.22877,0.147035
2.16966,2.911,0.275932,0.508094
2.06501,1.31696,-0.839077,0.202811
2.9129,2.47413,0.996649,0.270216
2.0493,1.67977,-0.844623,0.15425
2.44775,1.24061,-0.685875,0.986447
2.75549,1.99093,-0.0284882,0.694748
2.71032,2.03864,0.121072,0.789498
2.40331,1.32847,-0.858231,0.954165
2.9319,2.44308,0.984018,0.212292
2.27111,2.44681,0.985963,0.752375
2.48277,1.08051,-0.250222,0.998484
2.53037,1.74694,-0.713801,0.995384
2.15828,2.88827,0.34382,0.476949
2.28813,1.79073,-0.611035,0.786466
2.65303,1.60896,-0.941881,0.88657
2.06105,2.06075,0.189674,0.190614
2.02056,1.57171,-0.97467,0.0645484
2.98586,2.33954,0.875535,0.0444
2.50902,2.40162,0.952518,0.99949
2.05052,2.62014,0.929511,0.158041
2.75858,2.77936,0.638927,0.687722
2.30526,1.55255,-0.986292,0.818536
2.72159,2.38361,0.93379,0.767235
2.9656,1.39934,-0.950358,0.107846
2.65157,1.66174,-0.87356,0.888659
2.98301,2.40495,0.955682,0.0533409
2.94774,2.5977,0.953168,0.163429
2.71157,1.91363,-0.268003,0.787047
2.08368,1.28416,-0.778708,0.25986
2.06063,2.43588,0.979722,0.18931
2.30824,1.71065,-0.788809,0.823894
2.25019,1.75079,-0.705285,0.707453
2.39181,1.33817,-0.873466,0.942685
2.15236,2.68705,0.832198,0.460566
2.90991,1.47433,-0.996639,0.279226
2.05053,1.95625,-0.137012,0.158084
2.19101,1.01939,-0.0608616,0.564674
2.24053,1.77237,-0.655628,0.685709
2.00907,1.20106,-0.590422,0.0284955
2.87753,1.85284,-0.445974,0.375285
2.30478,2.02827,0.0886858,0.817665
2.49449,1.89262,-0.330962,0.999739
2.90375,1.78701,-0.620234,0.297758
2.21538,2.85795,0.431575,0.62614
2.93983,1.53262,-0.994694,0.187899
2.44764,2.92378,0.237162,0.986393
2.0743,2.57931,0.969017,0.231296
2.13856,1.46676,-0.994442,0.421661
2.78537,1.00682,-0.0214266,0.62426
2.09398,1.45065,-0.987895,0.290942
2.91016,2.35734,0.901189,0.278467
2.08003,2.68488,0.835945,0.248758
2.69229,1.50149,-0.999936,0.822946
2.88008,1.06301,-0.196637,0.367867
2.80713,2.19839,0.583624,0.569449
2.55123,1.92737,-0.22617,0.986992
2.81203,2.55838,0.983128,0.556776
2.41478,2.10394,0.320739,0.96427
2.21933,1.99709,-0.00913632,0.635719
2.20825,2.55926,0.982639,0.60853
2.28819,1.51029,-0.999424,0.786586
2.75461,1.26485,-0.739258,0.696733
2.90423,2.35449,0.89723,0.296317
2.51872,1.7255,-0.759308,0.998164
2.83362,1.29367,-0.797082,0.499179
2.52069,2.98898,0.0345962,0.997822
2.18325,1.24377,-0.69309,0.544387
2.60739,2.84969,0.454833,0.943573
2.80559,2.34951,0.890252,0.57344
2.24733,1.48615,-0.999014,0.701119
2.17511,2.86072,0.42368,0.522741
2.08241,2.22179,0.641682,0.255994
2.79916,2.62555,0.923127,0.589855
2.38357,2.22295,0.644511,0.933742
2.22995,1.61501,-0.935329,0.661133
2.4829,2.17912,0.53344,0.998502
2.98605,2.4841,0.998664,0.0437971
2.81254,2.86708,0.405536,0.555431
2.19812,2.025,0.078438,0.582947
2.27008,2.55165,0.986786,0.750241
2.49185,1.39743,-0.948436,0.999586
2.90424,2.65601,0.882211,0.296303
2.00916,1.87597,-0.379823,0.0287589
2.52894,2.47637,0.997155,0.995816
2.03486,1.54435,-0.990201,0.109301
2.70095,2.17657,0.526667,0.8072
2.81284,1.65031,-0.890509,0.554639
2.19947,1.954,-0.144001,0.586403
2.18285,2.81369,0.552419,0.543332
2.60936,2.88541,0.352224,0.941477
2.62784,2.7514,0.703927,0.920325
2.93065,1.60618,-0.944783,0.216126
2.94136,2.0024,0.00752451,0.183155
2.54455,1.43643,-0.98002,0.990165
2.74389,2.23538,0.673821,0.720466
2.90073,1.80218,-0.58218,0.306806
2.53668,2.43856,0.981323,0.993312
2.12359,1.87185,-0.391784,0.378552
2.33447,1.72178,-0.76691,0.867744
2.13776,2.75726,0.690772,0.419385
2.12359,1.68982,-0.827356,0.378548
2.72539,1.16916,-0.506699,0.75958
2.40289,1.72541,-0.759482,0.95376
2.08313,1.70462,-0.800331,0.258183
2.80614,2.23842,0.680882,0.572019
2.02178,1.17563,-0.524141,0.0683746
2.4758,2.41573,0.965052,0.997035
2.54808,1.73044,-0.749138,0.988507
2.92369,2.12103,0.37111,0.237422
2.51388,2.37489,0.923661,0.999008
2.19181,2.40852,0.958877,0.56674
2.05751,2.63083,0.916663,0.179674
2.42413,2.94623,0.168109,0.971619
2.90803,2.92786,0.224679,0.284911
2.39543,2.40668,0.957231,0.946462
2.40034,2.81306,0.55406,0.951278
2.44239,2.94549,0.170398,0.983603
2.07204,1.03334,-0.104539,0.224375
2.58181,2.50879,0.999512,0.967057
2.41428,1.96423,-0.112146,0.963859
2.7758,1.22024,-0.637978,0.647458
2.67419,2.74563,0.716672,0.853877
2.57042,1.59944,-0.951491,0.975543
2.46312,1.1915,-0.565903,0.993186
2.06216,2.37903,0.928573,0.194013
2.6259,2.17062,0.510675,0.922699
2.80138,2.68923,0.828354,0.58422
2.55008,2.80589,0.572664,0.987545
2.34685,2.08957,0.277681,0.886384
2.63636,2.82935,0.510759,0.909545
2.35881,2.01232,0.038698,0.903143
2.72851,2.523,0.997309,0.753119
2.31342,2.95305,0.146969,0.832985
2.28713,2.35952,0.904095,0.78455
2.9551,1.79303,-0.605309,0.140586
2.07867,1.94839,-0.161434,0.244608
2.72687,2.05204,0.162752,0.756507
2.89174,1.92644,-0.229015,0.333549
2.16884,2.08954,0.277602,0.505876
2.82279,2.88085,0.365596,0.528336
2.15688,1.84319,-0.472891,0.473085
2.97157,2.56776,0.977362,0.0891823
2.31548,2.1293,0.395124,0.836559
2.10152,2.21117,0.615735,0.313528
2.10769,1.64853,-0.892998,0.331878
2.64487,2.89997,0.309074,0.898121
2.83809,2.07703,0.239631,0.486951
2.5912,2.98309,0.0531043,0.959172
2.6096,1.38305,-0.933187,0.941219
2.66925,2.75662,0.692213,0.861864
2.32558,2.57503,0.972271,0.853564
2.44426,1.11324,-0.34825,0.984635
2.26405,2.45759,0.991061,0.737571
2.89239,1.30051,-0.809867,0.331638
2.38486,1.92516,-0.232947,0.935184
2.71668,2.7581,0.68883,0.77707
2.34164,2.41327,0.963031,0.878735
2.64466,2.99415,0.0183776,0.898412
2.938,1.88508,-0.353211,0.193553
2.44106,1.57271,-0.973981,0.982814
2.32191,2.55367,0.985756,0.847431
2.67897,1.4916,-0.99955,0.846009
2.30506,1.00067,-0.00210618,0.818167
2.58658,1.71471,-0.780939,0.963145
2.31228,2.04563,0.142848,0.831004
2.22695,2.30458,0.817315,0.654018
2.97817,2.56882,0.976677,0.0685167
2.85041,2.36888,0.916247,0.452803
2.70288,1.22246,-0.6433,0.80362
2.36577,2.18443,0.547498,0.912334
2.39077,2.88438,0.355255,0.941603
2.68072,1.80075,-0.585847,0.843024
2.0215,1.64104,-0.903338,0.0675002
2.4578,2.49711,0.999891,0.991155
2.98009,2.53328,0.994429,0.0624989
2.81197,1.19254,-0.568604,0.55694
2.07754,2.51555,0.998717,0.241164
2.91674,1.54503,-0.989901,0.258572
2.19245,2.20796,0.607796,0.568403
2.5577,2.22984,0.660883,0.98351
2.27042,2.39745,0.948479,0.750959
2.53987,1.14386,-0.43667,0.992064
2.39198,1.68723,-0.831843,0.942869
2.32464,1.05693,-0.177884,0.851991
2.46851,1.64575,-0.89689,0.99502
2.63306,1.96427,-0.112018,0.913817
2.1731,2.77315,0.653818,0.517349
2.58819,1.50987,-0.999481,0.961759
2.95429,1.60742,-0.943493,0.143101
2.08144,1.57883,-0.969412,0.25305
2.5365,2.80709,0.569555,0.99337
2.98051,1.71174,-0.786729,0.0611981
2.90412,1.01834,-0.0575706,0.296646
2.48646,1.01139,-0.0357629,0.998984
2.51539,2.19814,0.582991,0.998745
2.73648,1.99244,-0.0237318,0.736404
2.13531,1.31009,-0.827148,0.412351
2.67617,1.16196,-0.487094,0.850626
2.09076,2.91607,0.260615,0.281272
2.78585,2.46473,0.993775,0.623091
2.08738,2.43358,0.978225,0.271043
2.18144,1.5153,-0.998745,0.539578
2.36572,1.13126,-0.400734,0.912264
2.06196,1.13203,-0.40295,0.193411
2.90299,2.48781,0.999167,0.300044
2.04131,2.3306,0.86161,0.129402
2.08356,1.02609,-0.0818493,0.259483
2.72071,1.86963,-0.398181,0.769001
2.03589,2.99636,0.0114295,0.112502
2.38254,2.25787,0.724296,0.9326
2.62495,1.33051,-0.861498,0.923862
2.73436,1.26234,-0.733909,0.740921
2.86803,2.6086,0.942304,0.402791
2.07914,1.63602,-0.91002,0.246034
2.67765,1.85378,-0.443344,0.848204
2.70515,2.65152,0.888729,0.799308
2.94181,2.58484,0.964633,0.181761
2.69729,2.5018,0.999872,0.813906
2.47658,1.73423,-0.741185,0.9972
2.50311,1.93646,-0.198261,0.999847
2.99281,1.09589,-0.296686,0.0225785
2.47366,2.7897,0.613605,0.996512
2.68803,2.77536,0.648528,0.830472
2.97576,1.90245,-0.301658,0.0760776
2.80489,1.3626,-0.908195,0.575246
2.7095,1.69126,-0.824787,0.79107
2.61038,2.65869,0.878188,0.940385
2.47031,1.5427,-0.990932,0.995542
2.35777,1.96682,-0.104043,0.901757
2.46089,1.69435,-0.819239,0.992367
2.24978,1.79209,-0.607677,0.706553
2.59227,1.5595,-0.982478,0.958245
2.96749,1.97101,-0.0909475,0.101936
2.41117,1.94337,-0.176969,0.961256
2.72776,2.79972,0.588435,0.754676
2.07032,1.34401,-0.882243,0.219095
2.86401,2.80437,0.576585,0.414297
2.31302,1.85006,-0.453781,0.832279
2.40401,1.55309,-0.986011,0.954837
2.09811,2.75516,0.695492,0.303351
2.99047,2.95453,0.14235,0.0299276
2.17581,1.14548,-0.441236,0.52463
2.62739,1.77186,-0.656842,0.920879
2.3949,2.00078,0.00244115,0.945916
2.84066,2.40147,0.952378,0.479887
2.94928,1.26819,-0.746285,0.158662
2.7951,1.06874,-0.214257,0.600133
2.3086,1.95895,-0.128584,0.824532
2.35603,2.1162,0.356956,0.899386
2.53728,1.92669,-0.228277,0.993115
2.17241,1.97027,-0.0932393,0.51549
2.63529,2.52852,0.995921,0.910929
2.66169,1.97456,-0.0798181,0.873675
2.6667,1.81028,-0.561298,0.865872
2.13902,2.53674,0.993292,0.422943
2.6118,2.37823,0.927622,0.938848
2.44004,1.48767,-0.99917,0.982206
2.76437,1.89115,-0.335309,0.674435
2.87258,2.88282,0.359866,0.389655
2.43583,1.94105,-0.184131,0.979697
2.94592,2.60324,0.947759,0.169061
2.65608,1.15439,-0.466192,0.8821
2.2086,1.7706,-0.659829,0.609389
2.74563,1.50542,-0.999744,0.716663
2.3225,2.25471,0.717451,0.848427
2.77792,2.74975,0.707628,0.642386
2.57126,2.52133,0.99771,0.974945
2.37321,1.49518,-0.999814,0.92166
2.55314,1.08661,-0.26875,0.986053
2.5018,2.38267,0.932738,0.999872
2.30491,1.9587,-0.129373,0.817893
2.60182,1.73212,-0.745614,0.94919
2.35434,2.47652,0.997186,0.897018
2.74237,1.49617,-0.999833,0.723796
2.21761,1.91447,-0.265454,0.631562
2.3906,2.44026,0.982333,0.941421
2.75238,2.4539,0.989426,0.701724
2.56924,2.20383,0.597404,0.976375
2.87166,1.99081,-0.0288753,0.39231
2.72409,2.65836,0.878681,0.762194
2.59542,2.869,0.400003,0.9553
2.6161,1.14092,-0.428363,0.934172
2.78908,2.89453,0.325274,0.615156
2.79791,2.6386,0.906638,0.593019
2.4659,2.96127,0.121373,0.994206
2.23906,2.82952,0.510287,0.682369
2.98405,1.75929,-0.686121,0.0500946
2.07977,2.57557,0.971885,0.24797
2.92988,2.13818,0.420569,0.218497
2.9404,1.84982,-0.454439,0.18614
2.47961,1.14403,-0.43716,0.997845
2.37797,2.02181,0.0684683,0.927317
2.95343,2.19803,0.5827,0.145772
2.83907,1.96696,-0.103609,0.484262
2.48133,1.45772,-0.991086,0.998211
2.42191,1.18263,-0.542724,0.969962
2.05946,1.94532,-0.170923,0.185696
2.23189,2.63498,0.911328,0.665722
2.1745,1.83177,-0.504235,0.521116
2.25863,2.317,0.839184,0.725939
2.88216,1.64323,-0.900421,0.361782
2.61565,1.23179,-0.665454,0.934687
2.55621,1.85238,-0.447276,0.98434
2.7849,1.66523,-0.868197,0.625429
2.60876,1.52994,-0.99547,0.942128
2.46969,2.16544,0.496604,0.995361
2.98384,2.09081,0.281427,0.05073
2.51319,1.80329,-0.579337,0.999087
2.78941,1.48183,-0.998261,0.614333
2.8446,1.25262,-0.712836,0.469013
2.42273,1.15148,-0.458078,0.970571
2.69895,2.8341,0.497879,0.810867
2.46651,1.89071,-0.336611,0.994429
2.87324,1.59905,-0.951871,0.387769
2.60675,1.05538,-0.173083,0.94422
2.71366,2.84424,0.469999,0.782964
2.53272,1.92317,-0.239002,0.994611
2.85995,2.21913,0.635238,0.425896
2.20287,2.72071,0.768997,0.595001
2.05265,1.031,-0.0972197,0.164649
2.86207,2.02502,0.0785046,0.419833
2.58275,2.72733,0.755563,0.966321
2.65109,2.6329,0.914018,0.889353
2.37674,1.27943,-0.769285,0.925853
2.53297,1.74937,-0.708419,0.99453
2.59324,2.8355,0.494081,0.957331
2.36921,1.17602,-0.525167,0.916659
2.2283,1.31801,-0.840876,0.657216
2.07217,2.91359,0.268117,0.224781
2.66723,1.90171,-0.303875,0.865036
2.54191,2.28259,0.775583,0.991236
2.54002,2.41245,0.962355,0.992002
2.23609,2.56162,0.981257,0.675472
2.13778,1.38576,-0.936214,0.419439
2.67194,1.66211,-0.872995,0.857558
2.27676,2.95165,0.151288,0.76392
2.86831,1.22232,-0.642954,0.401985
2.8637,1.15192,-0.459302,0.415193
2.03021,2.9653,0.108782,0.0947492
2.03566,1.78834,-0.616942,0.111793
2.76351,1.46334,-0.993319,0.676412
2.20389,2.14531,0.440786,0.597569
2.60563,1.84672,-0.463121,0.945345
2.73981,2.49849,0.999936,0.729316
2.82045,1.3409,-0.877568,0.53461
2.08755,1.54741,-0.988845,0.271571
2.3296,1.97351,-0.0831052,0.860007
2.94666,1.13031,-0.397991,0.166788
2.30635,2.86168,0.420961,0.820493
2.65917,2.51511,0.998794,0.87746
2.22091,2.67749,0.848463,0.639547
2.0841,1.09969,-0.308072,0.26112
2.01691,1.08878,-0.275288,0.0530856
2.78475,2.22983,0.660864,0.625794
2.10611,2.36263,0.908228,0.32719
2.42039,1.2076,-0.606857,0.968825
2.98842,2.69263,0.822347,0.036367
2.45271,2.6363,0.909614,0.988897
2.1741,1.20077,-0.589669,0.520026
2.96643,1.5955,-0.955272,0.105272
2.6775,1.41319,-0.962941,0.848457
2.74824,1.06486,-0.202327,0.710955
2.20852,1.73111,-0.747733,0.609189
2.85228,2.48468,0.998743,0.447571
2.42055,1.22886,-0.658563,0.968946
2.13823,1.0096,-0.0301423,0.420726
2.68877,1.16827,-0.50429,0.829164
2.38872,2.59188,0.958584,0.939457
2.57199,2.17636,0.526122,0.974425
2.40629,1.6013,-0.949686,0.956885
2.35737,2.6812,0.842211,0.901226
2.2322,1.61384,-0.936639,0.666436
2.83312,1.7828,-0.630559,0.500535
2.38215,1.2221,-0.642426,0.932156
2.67725,2.58526,0.964277,0.84887
2.50836,1.78969,-0.613603,0.999554
2.09603,2.77299,0.654205,0.297118
2.16624,1.74044,-0.727949,0.498798
2.42685,1.38324,-0.933412,0.973654
2.48297,1.3067,-0.821164,0.998511
2.1159,1.30654,-0.820878,0.356083
2.07594,2.87101,0.394192,0.236284
2.39816,2.72226,0.765887,0.949166
2.71911,1.01439,-0.0451932,0.772223
2.80813,2.48534,0.998833,0.566866
2.30321,1.02278,-0.07149,0.814849
2.75748,2.83813,0.486834,0.690263
2.43005,2.44616,0.985621,0.975849
2.84429,1.2641,-0.737645,0.469856
2.81213,1.74637,-0.715063,0.556511
2.09815,1.31509,-0.835889,0.303485
2.07617,2.30037,0.809636,0.236997
2.69067,2.01914,0.060102,0.82581
2.91789,1.74647,-0.714857,0.255062
2.31021,2.06848,0.213448,0.827404
2.92229,2.35088,0.892177,0.241686
2.3702,2.53335,0.994407,0.917911
2.32588,2.43399,0.978496,0.854031
2.24723,1.32346,-0.85003,0.700892
2.3767,1.82326,-0.527115,0.925807
2.03607,1.77973,-0.638003,0.113053
2.95624,2.51226,0.999177,0.137015
2.74522,2.92607,0.230151,0.717572
2.787,1.82489,-0.522764,0.620267
2.7125,2.31651,0.838347,0.785227
2.40938,1.17741,-0.528876,0.959649
2.26243,1.45713,-0.990846,0.734138
2.08324,1.67621,-0.85057,0.258509
2.3136,1.86662,-0.406834,0.833294
2.93284,1.76719,-0.667861,0.209404
2.71354,2.51119,0.99928,0.7832
2.17449,2.62606,0.922501,0.521078
2.12955,1.17169,-0.513571,0.395829
2.32071,1.00985,-0.0309509,0.84543
2.20437,2.66852,0.863022,0.598769
2.97493,1.33165,-0.863285,0.0786811
2.00392,1,0,0.0123192
3,3,8.75267e-17,8.75267e-17
2.01176,1.00392,-0.0123183,0.0369502
